store_id,product_id,inventory_level,next_7_day_demand,stockout_prob,risk_level,reorder_qty,top_drivers,action
S002,P0018,61,953.2,1.0,HIGH,923,Current inventory (46.6%); Units on order (43.2%); 7-day avg demand (2.0%),[HIGH] RAISE REPLENISHMENT ORDER TODAY
S002,P0006,98,995.0,0.999,HIGH,979,Current inventory (62.4%); Units on order (26.4%); Inventory/demand ratio (2.8%),[HIGH] RAISE REPLENISHMENT ORDER TODAY
S001,P0013,91,681.2,0.998,HIGH,588,Current inventory (58.2%); Units on order (31.2%); Inventory/demand ratio (2.7%),[HIGH] RAISE REPLENISHMENT ORDER TODAY
S003,P0010,111,791.9,0.998,HIGH,693,Current inventory (61.8%); Units on order (28.8%); Inventory/demand ratio (2.5%),[HIGH] RAISE REPLENISHMENT ORDER TODAY
S004,P0020,79,480.7,0.998,HIGH,332,Current inventory (51.8%); Units on order (38.5%); Inventory/demand ratio (3.0%),[HIGH] RAISE REPLENISHMENT ORDER TODAY
S002,P0008,85,789.9,0.996,HIGH,769,Current inventory (62.5%); Units on order (24.4%); Inventory/demand ratio (3.5%),[HIGH] RAISE REPLENISHMENT ORDER TODAY
S001,P0015,80,765.8,0.995,HIGH,749,Current inventory (62.2%); Units on order (24.8%); Inventory/demand ratio (4.0%),[HIGH] RAISE REPLENISHMENT ORDER TODAY
S003,P0009,123,959.5,0.994,HIGH,857,Current inventory (60.8%); Units on order (29.9%); Inventory/demand ratio (2.1%),[HIGH] RAISE REPLENISHMENT ORDER TODAY
S003,P0003,95,779.8,0.993,HIGH,724,Current inventory (61.5%); Units on order (26.8%); Inventory/demand ratio (3.2%),[HIGH] RAISE REPLENISHMENT ORDER TODAY
S003,P0019,108,809.3,0.992,HIGH,725,Current inventory (62.0%); Units on order (28.0%); Inventory/demand ratio (2.5%),[HIGH] RAISE REPLENISHMENT ORDER TODAY
S002,P0013,125,793.5,0.987,HIGH,827,Current inventory (87.7%); Inventory/demand ratio (3.6%); 7-day avg demand (1.7%),[HIGH] RAISE REPLENISHMENT ORDER TODAY
S002,P0016,88,718.3,0.986,HIGH,774,Current inventory (82.9%); Inventory/demand ratio (4.2%); Yesterday's demand (2.7%),[HIGH] RAISE REPLENISHMENT ORDER TODAY
S003,P0006,156,810.9,0.099,LOW,672,—,[LOW] NO ACTION REQUIRED
S005,P0017,137,739.6,0.069,LOW,610,—,[LOW] NO ACTION REQUIRED
S002,P0011,73,682.2,0.05,LOW,746,—,[LOW] NO ACTION REQUIRED
S003,P0011,143,707.3,0.05,LOW,706,—,[LOW] NO ACTION REQUIRED
S005,P0004,141,836.8,0.049,LOW,737,—,[LOW] NO ACTION REQUIRED
S005,P0002,156,713.5,0.046,LOW,292,—,[LOW] NO ACTION REQUIRED
S003,P0020,113,805.3,0.028,LOW,853,—,[LOW] NO ACTION REQUIRED
S001,P0009,128,993.9,0.026,LOW,995,—,[LOW] NO ACTION REQUIRED
S003,P0016,161,764.9,0.026,LOW,757,—,[LOW] NO ACTION REQUIRED
S005,P0010,115,593.3,0.025,LOW,597,—,[LOW] NO ACTION REQUIRED
S004,P0017,166,873.5,0.011,LOW,743,—,[LOW] NO ACTION REQUIRED
S001,P0019,110,678.1,0.008,LOW,633,—,[LOW] NO ACTION REQUIRED
S002,P0009,153,1000.7,0.008,LOW,1048,—,[LOW] NO ACTION REQUIRED
S005,P0009,136,659.3,0.008,LOW,655,—,[LOW] NO ACTION REQUIRED
S003,P0008,170,923.0,0.007,LOW,938,—,[LOW] NO ACTION REQUIRED
S001,P0002,136,764.6,0.006,LOW,665,—,[LOW] NO ACTION REQUIRED
S004,P0018,97,533.7,0.006,LOW,472,—,[LOW] NO ACTION REQUIRED
S001,P0018,130,961.1,0.005,LOW,960,—,[LOW] NO ACTION REQUIRED
S002,P0004,129,765.2,0.004,LOW,789,—,[LOW] NO ACTION REQUIRED
S002,P0010,143,873.9,0.004,LOW,817,—,[LOW] NO ACTION REQUIRED
S005,P0008,154,891.7,0.004,LOW,916,—,[LOW] NO ACTION REQUIRED
S004,P0008,92,544.3,0.003,LOW,499,—,[LOW] NO ACTION REQUIRED
S001,P0004,241,641.1,0.001,LOW,528,—,[LOW] NO ACTION REQUIRED
S001,P0008,162,684.6,0.001,LOW,660,—,[LOW] NO ACTION REQUIRED
S001,P0010,518,592.3,0.001,LOW,193,—,[LOW] NO ACTION REQUIRED
S003,P0001,207,552.0,0.001,LOW,455,—,[LOW] NO ACTION REQUIRED
S003,P0012,286,576.3,0.001,LOW,406,—,[LOW] NO ACTION REQUIRED
S003,P0017,239,657.3,0.001,LOW,550,—,[LOW] NO ACTION REQUIRED
S004,P0006,134,944.5,0.001,LOW,999,—,[LOW] NO ACTION REQUIRED
S004,P0014,379,523.0,0.001,LOW,249,—,[LOW] NO ACTION REQUIRED
S004,P0015,292,515.7,0.001,LOW,327,—,[LOW] NO ACTION REQUIRED
S005,P0011,269,596.4,0.001,LOW,447,—,[LOW] NO ACTION REQUIRED
S005,P0018,197,947.5,0.001,LOW,940,—,[LOW] NO ACTION REQUIRED
S005,P0020,126,643.6,0.001,LOW,587,—,[LOW] NO ACTION REQUIRED
S001,P0001,383,727.8,0.0,LOW,490,—,[LOW] NO ACTION REQUIRED
S001,P0003,434,1127.1,0.0,LOW,919,—,[LOW] NO ACTION REQUIRED
S001,P0005,946,795.0,0.0,LOW,8,—,[LOW] NO ACTION REQUIRED
S001,P0006,436,653.4,0.0,LOW,348,—,[LOW] NO ACTION REQUIRED
S001,P0007,476,767.6,0.0,LOW,445,—,[LOW] NO ACTION REQUIRED
S001,P0011,204,509.5,0.0,LOW,407,—,[LOW] NO ACTION REQUIRED
S001,P0012,396,858.9,0.0,LOW,635,—,[LOW] NO ACTION REQUIRED
S001,P0014,660,748.1,0.0,LOW,238,—,[LOW] NO ACTION REQUIRED
S001,P0016,225,794.8,0.0,LOW,729,—,[LOW] NO ACTION REQUIRED
S001,P0017,186,736.2,0.0,LOW,697,—,[LOW] NO ACTION REQUIRED
S001,P0020,333,505.4,0.0,LOW,25,—,[LOW] NO ACTION REQUIRED
S002,P0001,569,659.1,0.0,LOW,222,—,[LOW] NO ACTION REQUIRED
S002,P0002,515,687.5,0.0,LOW,310,—,[LOW] NO ACTION REQUIRED
S002,P0003,388,756.3,0.0,LOW,520,—,[LOW] NO ACTION REQUIRED
S002,P0005,552,779.2,0.0,LOW,0,—,[LOW] NO ACTION REQUIRED
S002,P0007,414,801.1,0.0,LOW,547,—,[LOW] NO ACTION REQUIRED
S002,P0012,423,583.5,0.0,LOW,0,—,[LOW] NO ACTION REQUIRED
S002,P0014,676,641.4,0.0,LOW,94,—,[LOW] NO ACTION REQUIRED
S002,P0015,1039,831.1,0.0,LOW,0,—,[LOW] NO ACTION REQUIRED
S002,P0017,204,595.5,0.0,LOW,511,—,[LOW] NO ACTION REQUIRED
S002,P0019,339,856.3,0.0,LOW,689,—,[LOW] NO ACTION REQUIRED
S002,P0020,332,497.7,0.0,LOW,265,—,[LOW] NO ACTION REQUIRED
S003,P0002,327,670.4,0.0,LOW,477,—,[LOW] NO ACTION REQUIRED
S003,P0004,552,882.8,0.0,LOW,507,—,[LOW] NO ACTION REQUIRED
S003,P0005,782,629.5,0.0,LOW,0,—,[LOW] NO ACTION REQUIRED
S003,P0007,187,751.8,0.0,LOW,715,—,[LOW] NO ACTION REQUIRED
S003,P0013,781,823.8,0.0,LOW,208,—,[LOW] NO ACTION REQUIRED
S003,P0014,350,799.8,0.0,LOW,210,—,[LOW] NO ACTION REQUIRED
S003,P0015,413,972.1,0.0,LOW,754,—,[LOW] NO ACTION REQUIRED
S003,P0018,652,526.7,0.0,LOW,0,—,[LOW] NO ACTION REQUIRED
S004,P0001,342,909.3,0.0,LOW,749,—,[LOW] NO ACTION REQUIRED
S004,P0002,273,770.2,0.0,LOW,651,—,[LOW] NO ACTION REQUIRED
S004,P0003,153,582.1,0.0,LOW,546,—,[LOW] NO ACTION REQUIRED
S004,P0004,439,978.9,0.0,LOW,285,—,[LOW] NO ACTION REQUIRED
S004,P0005,184,838.6,0.0,LOW,822,—,[LOW] NO ACTION REQUIRED
S004,P0007,574,886.9,0.0,LOW,490,—,[LOW] NO ACTION REQUIRED
S004,P0009,472,917.1,0.0,LOW,629,—,[LOW] NO ACTION REQUIRED
S004,P0010,247,828.8,0.0,LOW,748,—,[LOW] NO ACTION REQUIRED
S004,P0011,596,628.7,0.0,LOW,158,—,[LOW] NO ACTION REQUIRED
S004,P0012,201,737.5,0.0,LOW,684,—,[LOW] NO ACTION REQUIRED
S004,P0013,389,890.9,0.0,LOW,680,—,[LOW] NO ACTION REQUIRED
S004,P0016,153,494.6,0.0,LOW,440,—,[LOW] NO ACTION REQUIRED
S004,P0019,219,810.0,0.0,LOW,753,—,[LOW] NO ACTION REQUIRED
S005,P0001,267,951.8,0.0,LOW,875,—,[LOW] NO ACTION REQUIRED
S005,P0003,212,656.4,0.0,LOW,576,—,[LOW] NO ACTION REQUIRED
S005,P0005,288,854.9,0.0,LOW,471,—,[LOW] NO ACTION REQUIRED
S005,P0006,266,837.1,0.0,LOW,738,—,[LOW] NO ACTION REQUIRED
S005,P0007,261,564.1,0.0,LOW,416,—,[LOW] NO ACTION REQUIRED
S005,P0012,375,432.9,0.0,LOW,144,—,[LOW] NO ACTION REQUIRED
S005,P0013,792,937.2,0.0,LOW,333,—,[LOW] NO ACTION REQUIRED
S005,P0014,161,582.9,0.0,LOW,539,—,[LOW] NO ACTION REQUIRED
S005,P0015,520,889.4,0.0,LOW,547,—,[LOW] NO ACTION REQUIRED
S005,P0016,233,531.5,0.0,LOW,405,—,[LOW] NO ACTION REQUIRED
S005,P0019,125,553.4,0.0,LOW,539,—,[LOW] NO ACTION REQUIRED
